        AS4796;BANDUNG-NET-AS-AP Institute of Technology Bandung; 88.32 ; f:'88.32%'} ; 19.93
AS4795;INDOSATM2-ID INDOSATM2  ASN; 49.32 ; f:'49.32%'} ; 40.38
AS17996;UIINET-ID-AP PT Global Prima Utama; 7.73 ; f:'7.73%'} ; 7.73
AS46019;UNIBRAW-AS-ID Universitas Brawijaya; 7.61 ; f:'7.61%'} ; 5.85
AS131749;MEDIAINDOCYBER-AS-ID PT. Arthatama Adhiprima Persada; 6.25 ; f:'6.25%'} ; 5.36
AS46028;PACNET-AS-ID Transkon Jaya ; PT; 6.18 ; f:'6.18%'}
AS45304;PETRA-AS-ID PetraNet ; Surabaya ; Indonesia; 5.72
AS131755;IDNIC-AXARVA-AS-ID PT Axarva Media Teknologi; 4.00 ; f:'4.00%'} ; 4.00
AS4787;ASN-CBN PT Cyberindo Aditama; 3.64 ; f:'3.64%'} ; 3.38
AS17727;NAPINFO-AS-AP PT. NAP Info Lintas Nusa; 3.36 ; f:'3.36%'} ; 3.21
AS4800;LINTASARTA-AS-AP Network Access Provider and Internet Service Provider; 1.95 ; f:'1.95%'} ; 1.91
AS64026;; 1.45 ; f:'1.45%'} ; 0.00
AS131775;IDNIC-JALANET-AS-ID PT. Jupiter Jala Arta; 1.41 ; f:'1.41%'} ; 1.41
AS38496;CNI-AS-ID PT Cyber Network Indonesia; 1.08 ; f:'1.08%'} ; 1.08
AS24532;INET-AS-ID PT. Inet Global Indo; 0.97 ; f:'0.97%'} ; 0.81
AS38781;MASNET-AS-ID PT. Mitra Abdi Solusi; 0.94 ; f:'0.94%'} ; 0.94
AS131785;IDNIC-MAHKAMAHAGUNG-AS-ID Mahkamah Agung RI; 0.83 ; f:'0.83%'} ; 0.83
AS23949;COMNET-AS-ID PT Comtronics Systems; 0.38 ; f:'0.38%'} ; 0.32
AS9794;DNET-ID-AP PT. Core Mediatech (D-NET); 0.37 ; f:'0.37%'} ; 0.37
AS38331;ITS-AS-ID-AP Institut Teknologi Sepuluh Nopember; 0.28 ; f:'0.28%'} ; 0.28
AS9875;PESAT1-AS-AP PT. Pasifik Satelit Nusantara; 0.23 ; f:'0.23%'} ; 0.23
AS22363;PHMGMT-AS1 - Powerhouse Management ; Inc.; 0.19 ; f:'0.19%'}
AS24521;DATAUTAMA-NET-AS-ID PT. DATA Utama Dinamika; 0.19 ; f:'0.19%'} ; 0.13
AS4434;ERX-RADNET1-AS PT Rahajasa Media Internet; 0.13 ; f:'0.13%'} ; 0.13
AS17451;BIZNET-AS-AP BIZNET NETWORKS; 0.12 ; f:'0.12%'} ; 0.11
AS24206;CHANNEL11-AS-ID PT Cakra Lintas Nusantara; 0.11 ; f:'0.11%'} ; 0.11
AS38150;TELNET-AS-ID PT. TIME EXCELINDO; 0.10 ; f:'0.10%'} ; 0.10
AS10217;NTT-NET-ID-AS PT. NTT Indonesia; 0.09 ; f:'0.09%'} ; 0.09
AS23679;NUSANET-AS-ID Media Antar Nusa PT.; 0.08 ; f:'0.08%'} ; 0.07
AS131778;DINUSTECH-AS-ID PT Dian Nuswantoro Teknologi; 0.06 ; f:'0.06%'} ; 0.06
AS45302;DESNET-AS-ID PT DES Teknologi Informasi; 0.04 ; f:'0.04%'} ; 0.04
AS4832;INTERNUXNET-AS-ID PT. iNterNUX; 0.03 ; f:'0.03%'} ; 0.00
AS24527;DAKARANET-AS-ID Internet Service Provider; 0.03 ; f:'0.03%'} ; 0.00
AS23951;CITRA-AS-ID PT JEMBATAN CITRA NUSANTARA; 0.03 ; f:'0.03%'} ; 0.03
AS24523;ORION-AS-ID Orion Cyber Internet; 0.02 ; f:'0.02%'} ; 0.00
AS24203;NAPXLNET-AS-ID PT Excelcomindo Pratama (Network Access Provider); 0.02 ; f:'0.02%'} ; 0.00
AS9657;MELSANET-ID-AP Melsa-i-net AS; 0.02 ; f:'0.02%'} ; 0.00
AS55699;STARNET-AS-ID PT. Cemerlang Multimedia; 0.02 ; f:'0.02%'} ; 0.01
AS23693;TELKOMSEL-ASN-ID PT. Telekomunikasi Selular; 0.02 ; f:'0.02%'} ; 0.00
AS4761;INDOSAT-INP-AP INDOSAT Internet Network Provider; 0.01 ; f:'0.01%'} ; 0.00
AS38320;MMS-AS-ID PT Maxindo Mitra Solusi ; Jl Kelapa Puan Raya Blok FU 19 ; Jakarta; 0.01
AS9341;ICONPLN-ID-AP PT Indonesia Comnets Plus; 0.01 ; f:'0.01%'} ; 0.00
AS18004;WIRELESSNET-ID PT WIRELESS INDONESIA ( WIN ); 0.01 ; f:'0.01%'} ; 0.00
AS45727;THREE-AS-ID Hutchison CP Telecommunications ; PT; 0.01 ; f:'0.01%'}
AS24207;EXPRESSNET-AS-ID PT. Net2Cyber Indonesia; 0.01 ; f:'0.01%'} ; 0.01
AS63859;MYREPUBLIC-AS-ID PT. Eka Mas Republik; 0.01 ; f:'0.01%'} ; 0.00
AS23947;MORATELINDONAP-AS-ID PT.Mora Telematika Indonesia; 0.01 ; f:'0.01%'} ; 0.01
AS17974;TELKOMNET-AS2-AP PT Telekomunikasi Indonesia; 0.01 ; f:'0.01%'} ; 0.00
AS45287;VARNION-AS-ID Varnion Technology Semesta ; PT; 0.01 ; f:'0.01%'}
AS55666;GMEDIA-AS-ID PT Media Sarana Data; 0.01 ; f:'0.01%'} ; 0.01
AS9905;LINKNET-ID-AP Linknet ASN; 0.00 ; f:'0.00%'} ; 0.00
AS38511;TACHYON-AS-ID PT Remala Abadi; 0.00 ; f:'0.00%'} ; 0.00
AS23700;FASTNET-AS-ID Linknet-Fastnet ASN; 0.00 ; f:'0.00%'} ; 0.00
AS23666;SISTELINDO-AS-ID PT Sistelindo Mitralintas; 0.00 ; f:'0.00%'} ; 0.00
AS3583;ERX-IPTEK-ASN BPP Teknologi Networks Manager; 0.00 ; f:'0.00%'} ; 0.00
AS133838;INFOTEK-AS-ID PT Infotek Global Network; 0.00 ; f:'0.00%'} ; 0.00
AS46029;SGK-AS-ID PT. SEKAWAN GLOBAL KOMUNIKA; 0.00 ; f:'0.00%'} ; 0.00
AS23695;ELGANET-AS-ID ELGANET-ASN PT. Elga Yasa Media Internet Service; 0.00 ; f:'0.00%'} ; 0.00
AS63827;ECONDELIGHT PT Econdelight; 0.00 ; f:'0.00%'} ; 0.00
AS133842;IDNIC-BNILIFE-AS-ID PT BNI Life Insurance; 0.00 ; f:'0.00%'} ; 0.00
AS45725;KINGS-AS-ID Kings Network Indonesia ; PT; 0.00 ; f:'0.00%'}
AS59156;BALISOKET-AS-ID PT Bali Soket Informindo; 0.00 ; f:'0.00%'} ; 0.00
AS133360;IDNIC-AWINET-AS-ID PT Awinet Global Mandiri; 0.00 ; f:'0.00%'} ; 0.00
AS38776;GREENLINKS-AS-ID PT. Bandung Sinergi Akses Teknologi; 0.00 ; f:'0.00%'} ; 0.00
AS45146;RAJASA-AS-ID-AP PT. Raja Sepadan Abadi; 0.00 ; f:'0.00%'} ; 0.00
AS46059;UM-AS-ID Universitas Negeri Malang; 0.00 ; f:'0.00%'} ; 0.00
AS45292;LIPI-AS-ID Lembaga Ilmu Pengetahuan Indonesia - LIPI; 0.00 ; f:'0.00%'} ; 0.00
AS131699;IDNIC-DMA-AS-ID PT. Deltrasindo Mitra Asiatama; 0.00 ; f:'0.00%'} ; 0.00
AS18056;ABADINET-AS-AP Pt Mithaharum Abadi; 0.00 ; f:'0.00%'} ; 0.00
AS135450;; 0.00 ; f:'0.00%'} ; 0.00
AS46044;UNPAD-AS-ID Universitas Padjadjaran; 0.00 ; f:'0.00%'} ; 0.00
AS18394;UPI-AS-ID Universitas Pendidikan Indonesia; 0.00 ; f:'0.00%'} ; 0.00
AS131706;TERABIT-AS-ID PT SELARAS CITRA TERABIT; 0.00 ; f:'0.00%'} ; 0.00
AS38504;ALUCIONET-AS-ID PT ALUCIO NET; 0.00 ; f:'0.00%'} ; 0.00
AS59282;GPM-AS-ID PT Giga Patra Multimedia; 0.00 ; f:'0.00%'} ; 0.00
AS56256;PNRI-AS-ID Perpustakaan Nasional RI; 0.00 ; f:'0.00%'} ; 0.00
AS45711;IMEDIABIZ-AS-ID Imediabiz Indonesia; 0.00 ; f:'0.00%'} ; 0.00
AS133354;IDNIC-AKPA-AS-ID PT Anugrah Karunia Perkasa Abadi; 0.00 ; f:'0.00%'} ; 0.00
AS18007;INHERENT-AS-ID-AP INHERENT; 0.00 ; f:'0.00%'} ; 0.00
AS134658;; 0.00 ; f:'0.00%'} ; 0.00
AS4821;SINERGINET-AS-ID PT Sinergi Semesta Telematika; 0.00 ; f:'0.00%'} ; 0.00
AS58475;UNLAM-AS-ID Universitas Lambung Mangkurat; 0.00 ; f:'0.00%'} ; 0.00
AS132663;INDOMEDIANET-AS-ID PT Indonesia Media Komunikasi Masyarakat; 0.00 ; f:'0.00%'} ; 0.00
AS38772;SMARTLINKNET-AS-ID PT. Smartlink Global Media.; 0.00 ; f:'0.00%'} ; 0.00
AS45312;MLD-ID PT MEDIA LINTAS DATA; 0.00 ; f:'0.00%'} ; 0.00
AS58482;PALAPAMEDIA-AS-ID PT. Palapa Media Indonesia; 0.00 ; f:'0.00%'} ; 0.00
AS46039;BAPEPAM-LK-AS-ID Badan Pengawas Pasar Modal dan Lembaga Keuangan; 0.00 ; f:'0.00%'} ; 0.00
AS46034;DEPKES-AS-ID Departemen Kesehatan; 0.00 ; f:'0.00%'} ; 0.00
AS131740;SMARTMEDIA-AS-ID PT Smart Media Pratama; 0.00 ; f:'0.00%'} ; 0.00
AS45703;BKPM-AS-ID Badan Koordinasi Penanaman Modal (BKPM); 0.00 ; f:'0.00%'} ; 0.00
AS135449;; 0.00 ; f:'0.00%'} ; 0.00
AS133166;PERTAMINA-AS-ID PT Pertamina (Persero); 0.00 ; f:'0.00%'} ; 0.00
AS45732;DEPKEU-AS-ID Pusat Sistem Informasi dan Teknologi Keuangan ( Pusintek ); 0.00 ; f:'0.00%'} ; 0.00
AS23671;JMN-AS-ID Jogja Medianet; 0.00 ; f:'0.00%'} ; 0.00
AS56233;ATSINDO-AS-ID PT Asia Teknologi Solusi; 0.00 ; f:'0.00%'} ; 0.00
AS133364;IDNIC-PNJ-AS-ID Politeknik Negeri Jakarta; 0.00 ; f:'0.00%'} ; 0.00
AS46018;DEPPERIN-AS-ID Departemen Perindustrian Republik Indonesia; 0.00 ; f:'0.00%'} ; 0.00
AS46017;BAKOSURTANAL-AS-ID Badan Koordinasi Survei dan Pemetaan Nasional (BAKOSURTANAL); 0.00 ; f:'0.00%'} ; 0.00
AS38500;CROSSNET-AS-ID PT. Cross Network Indonesia; 0.00 ; f:'0.00%'} ; 0.00
AS58823;IDNIC-LIB-AS-ID CV. Lintas Informatika Buana; 0.00 ; f:'0.00%'} ; 0.00
AS131724;IDNIC-DINHUBKOMINFO-JATENG-AS-ID DINHUBKOMINFO PEMPROV. JAWA TENGAH; 0.00 ; f:'0.00%'} ; 0.00
AS45325;PC24-AS-ID PC24 Cyber Indonesia ; PT; 0.00 ; f:'0.00%'}
AS17725;PHEONWJ-AS-ID Pertamina Hulu Energi ONWJ; 0.00 ; f:'0.00%'} ; 0.00
AS55691;UMN-AS-ID Universitas Multimedia Nusantara; 0.00 ; f:'0.00%'} ; 0.00
AS18153;MULTIDATA-ID-AP PT Multidata Rancana Prima; 0.00 ; f:'0.00%'} ; 0.00
AS56248;INDAHKIATPP-AS-ID PT INDAH KIAT PULP  PAPER Tbk; 0.00 ; f:'0.00%'} ; 0.00
AS131763;IDNIC-TADULAKO-AS-ID Universitas Tadulako; 0.00 ; f:'0.00%'} ; 0.00
AS131717;IDNIC-CIFO-AS-ID PT Citra Jelajah Informatika; 0.00 ; f:'0.00%'} ; 0.00
AS38144;JALAWAVE-AS-ID PT Jalawave Cakrawala; 0.00 ; f:'0.00%'} ; 0.00
AS38145;PANCA-AS-ID PT. Panca Dewata Utama; 0.00 ; f:'0.00%'} ; 0.00
AS24200;CAKRAMEDIA-AS-ID PT. Cakramedia Indocyber; 0.00 ; f:'0.00%'} ; 0.00
AS46026;BBT-AS-ID BATAM BINTAN TELEKOMUNIKASI ; PT; 0.00 ; f:'0.00%'}
AS133797;ACSATA-AS-ID PT Rekajasa Akses; 0.00 ; f:'0.00%'} ; 0.00
AS58819;ARSENETGS-AS-ID PT Arsenet Global Solusi; 0.00 ; f:'0.00%'} ; 0.00
AS23953;SCBDNET-AS-ID PT ARTHA TELEKOMINDO; 0.00 ; f:'0.00%'} ; 0.00
AS131711;ORANGE-ISP-AS-ID PT Global Teknologi Teraindo; 0.00 ; f:'0.00%'} ; 0.00
AS10137;PATRANET-AP Patrakom Internet Service Provider; 0.00 ; f:'0.00%'} ; 0.00
AS133814;SUMATERANET-AS-ID PT Sumatera Global Mediatek; 0.00 ; f:'0.00%'} ; 0.00
AS46048;TRIMEGAH-AS-ID PT Trimegah Securities Tbk; 0.00 ; f:'0.00%'} ; 0.00
AS59158;BLAMBANGAN-AS-ID PT Blambangan Cahaya Timur; 0.00 ; f:'0.00%'} ; 0.00
AS131753;IDNIC-VERD-AS-ID CV. VERD; 0.00 ; f:'0.00%'} ; 0.00
AS38525;NETSOFT-AS-ID Netsoft ; PT; 0.00 ; f:'0.00%'}
AS58481;ASTRA-AS-ID PT. Astra International ; Tbk; 0.00 ; f:'0.00%'}
AS58822;IDNIC-UNESA-AS-ID Universitas Negeri Surabaya; 0.00 ; f:'0.00%'} ; 0.00
AS58498;IBS-AS-ID PT Infrastruktur Bisnis Sejahtera; 0.00 ; f:'0.00%'} ; 0.00
AS24530;POWERNET-AS-ID PT. Power Telecom Indonesia; 0.00 ; f:'0.00%'} ; 0.00
AS38165;ADSNET-AS-ID PT. AMBHARA DUTA SHANTI; 0.00 ; f:'0.00%'} ; 0.00
AS63508;JOGJARINGAN-AS-ID PT DINAMIKA MEDIAKOM; 0.00 ; f:'0.00%'} ; 0.00
AS46051;CITRA-AS-ID PT JEMBATAN CITRA NUSANTARA; 0.00 ; f:'0.00%'} ; 0.00
AS131760;IDNIC-PREMIER-OIL-AS-ID Premier oil Indonesia; 0.00 ; f:'0.00%'} ; 0.00
AS45707;PRIMELINK-AS-ID Prime Link Communication ; PT; 0.00 ; f:'0.00%'}
AS55668;JABARTELNET-AS-ID PT Jabar Telematika; 0.00 ; f:'0.00%'} ; 0.00
AS24535;ISATNET-AS-ID PT.Insan Sarana Telematika; 0.00 ; f:'0.00%'} ; 0.00
AS17538;CIRCLECOM-AS-ID-AP PT. Circlecom Nusantara Indonesia; 0.00 ; f:'0.00%'} ; 0.00
AS45289;INDOTRANS-AS-ID Indotrans Data ; PT; 0.00 ; f:'0.00%'}
AS59276;NOLSPOT-AS-ID PT Jaringan Multimedia Indonesia; 0.00 ; f:'0.00%'} ; 0.00
AS55683;IDNIC-ARGONDATA-AS-ID CV Argon Data Interkoneksi; 0.00 ; f:'0.00%'} ; 0.00
AS58553;IDNIC-3DTECH-ID PT 3D Tech; 0.00 ; f:'0.00%'} ; 0.00
AS58488;IDNIC-KKP-AS-ID PUSDATIN KKP; 0.00 ; f:'0.00%'} ; 0.00
AS58476;DJP-AS-ID DIREKTORAT JENDERAL PAJAK; 0.00 ; f:'0.00%'} ; 0.00
AS63878;VICTORYNET-AS-ID PT Victory Network Indonesia; 0.00 ; f:'0.00%'} ; 0.00
AS58497;INTEGRA-AS-ID PT Integra Ventura; 0.00 ; f:'0.00%'} ; 0.00
AS38765;ESDM-AS-ID Departemen Energi dan Sumber Daya Mineral; 0.00 ; f:'0.00%'} ; 0.00
AS59131;IDNIC-UNIKA-AS-ID Universitas Katolik Soegijapranata; 0.00 ; f:'0.00%'} ; 0.00
AS131746;PERMANA-AS-ID PT. Medianusa Permana; 0.00 ; f:'0.00%'} ; 0.00
AS55695;UIN-AS-ID Universitas Islam Negeri Sunan Kalijaga Yogyakarta; 0.00 ; f:'0.00%'} ; 0.00
AS63884;IDNIC-STAINKUDUS-AS-ID Sekolah Tinggi Agama Islam Negeri (STAIN) Kudus; 0.00 ; f:'0.00%'} ; 0.00
AS133352;BPMNET-AS-ID PT. Berdikari Prima Mandiri; 0.00 ; f:'0.00%'} ; 0.00
AS23756;PADINET-AS-ID PADINET - Padi Internet; 0.00 ; f:'0.00%'} ; 0.00
AS134451;NME-INDONESIA-AS-AP NewMedia Express Pte Ltd; 0.00 ; f:'0.00%'} ; 0.00
AS133807;IDNIC-BPN-AS-ID Badan Pertanahan Nasional; 0.00 ; f:'0.00%'} ; 0.00
AS131743;IDNIC-GBA-AS-ID PT GNET BIARO AKSES; 0.00 ; f:'0.00%'} ; 0.00
AS18156;BITNET-ID-AP BITNET ISP AS; 0.00 ; f:'0.00%'} ; 0.00
AS10220;SNET-ID-AP PT. Sejahtera  Globalindo; 0.00 ; f:'0.00%'} ; 0.00
AS131757;IDNIC-CYBERK-AS-ID Koperasi PRIMKOKAS; 0.00 ; f:'0.00%'} ; 0.00
AS63882;GPL-AS-ID PT Giga Prima Lestari; 0.00 ; f:'0.00%'} ; 0.00
AS58479;TRISAKTI-AS-ID Trisakti University; 0.00 ; f:'0.00%'} ; 0.00
AS132678;IDNIC-UNEJ-AS-ID Universitas Jember; 0.00 ; f:'0.00%'} ; 0.00
AS17658;PRIMANET-AS PrimaNet - PT. Khasanah Timur Indonesia; 0.00 ; f:'0.00%'} ; 0.00
AS18393;JAVA-AS-AP Java Online ; PT.; 0.00 ; f:'0.00%'}
AS46052;EEPIS-AS-ID Politeknik Elektronika Negeri Surabaya; 0.00 ; f:'0.00%'} ; 0.00
AS59139;WIFIKU-AS-ID PT Wifiku Indonesia; 0.00 ; f:'0.00%'} ; 0.00
AS45697;UBAYA-AS-ID Universitas Surabaya; 0.00 ; f:'0.00%'} ; 0.00
AS17910;TRIPLEGATE-ID-AP TRIPLEGATE-ASN; 0.00 ; f:'0.00%'} ; 0.00
AS24205;BANKPERMATA-THIS-AS-IDNIC-ID PT. Bank Permata Tbk.; 0.00 ; f:'0.00%'} ; 0.00
AS134635;IDNIC-BANYUWANGIKAB-AS-ID Dinas Perhubungan ; Komunikasi dan Informatika Kabupaten Banyuwangi; 0.00 ; f:'0.00%'}
AS38750;TDS-AS-ID Telemedia Dinamika Sarana ; PT; 0.00 ; f:'0.00%'}
AS59285;IDNIC-LATANSA-AS-ID PT Latansa Teknologi Multimedia; 0.00 ; f:'0.00%'} ; 0.00
AS55685;JLM-AS-ID PT Jala Lintas Media; 0.00 ; f:'0.00%'} ; 0.00
AS17885;JKTXLNET-AS-AP PT Excelcomindo Pratama; 0.00 ; f:'0.00%'} ; 0.00
AS63886;IDNIC-UPNYK-AS-ID Universitas Pembangunan Nasional Veteran Yogyakarta; 0.00 ; f:'0.00%'} ; 0.00
AS133800;IDNIC-BIZNETCLOUDBLOCK-AS-ID PT Biznet Data Center; 0.00 ; f:'0.00%'} ; 0.00
AS9340;INDONET-AS-AP INDO Internet ; PT; 0.00 ; f:'0.00%'}
AS132673;IDNIC-ARANANETWORK-AS-ID PT Arana Teknologi Indonesia; 0.00 ; f:'0.00%'} ; 0.00
AS132642;IDNIC-UAD-AS-ID Universitas Ahmad Dahlan; 0.00 ; f:'0.00%'} ; 0.00
AS45722;INTERSATNET-AS-ID Widya Intersat Nusantara ; PT; 0.00 ; f:'0.00%'}
AS4637;ASN-TELSTRA-GLOBAL Telstra Global; 0.00 ; f:'0.00%'} ; 0.00
AS45706;TGG-AS-ID Tele Globe Global ; PT; 0.00 ; f:'0.00%'}
AS133335;IDNIC-PNP-AS-ID Politeknik Negeri Padang; 0.00 ; f:'0.00%'} ; 0.00
AS58369;FIBERNET-AS-AP PT. Fiber Networks Indonesia; 0.00 ; f:'0.00%'} ; 0.00
AS131776;IDNIC-LAPAN-AS-ID Lembaga Penerbangan dan Antariksa Nasional (LAPAN); 0.00 ; f:'0.00%'} ; 0.00
AS46023;QUANTUMNET-AS-ID PT Quantum Tera Network; 0.00 ; f:'0.00%'} ; 0.00
AS133816;IDNIC-KLH-AS-ID Kementrian Lingkungan Hidup; 0.00 ; f:'0.00%'} ; 0.00
AS63868;NASIONALONLINE-AS-ID PT Nasional Online; 0.00 ; f:'0.00%'} ; 0.00
AS24524;IDNIC-ID Indonesia Network Information Center; 0.00 ; f:'0.00%'} ; 0.00
AS56253;BTPN-AS-ID PT. Bank Tabungan Pensiunan Nasional Tbk; 0.00 ; f:'0.00%'} ; 0.00
AS38766;BMP-AS-ID PT. Bumi Merbabu Permai; 0.00 ; f:'0.00%'} ; 0.00
AS38773;CIPUTRA-AS-ID CiputraNet; 0.00 ; f:'0.00%'} ; 0.00
AS131726;IDNIC-DISHUBKOMINFO-TEGAL-AS-ID Dishubkominfo Kota Tegal; 0.00 ; f:'0.00%'} ; 0.00
AS55674;PUSKOM-UNY-AS-ID Universitas Negeri Yogyakarta; 0.00 ; f:'0.00%'} ; 0.00
AS59273;KLN-AS-ID PT KOMUNIKASI LINTAS NUSA; 0.00 ; f:'0.00%'} ; 0.00
AS46032;GLOBENET-AS-ID Fastel Sarana Indonesia PT; 0.00 ; f:'0.00%'} ; 0.00
AS45724;MULTIMEDIA-AS-ID Multi Media Access ; PT; 0.00 ; f:'0.00%'}
AS55669;MCS-AS-ID PT. Maxindo Content Solution; 0.00 ; f:'0.00%'} ; 0.00
AS133843;IDNIC-BRI-AS-ID PT Bank Rakyat Indonesia; 0.00 ; f:'0.00%'} ; 0.00
AS38755;BPS-AS-ID Biro Statistics; 0.00 ; f:'0.00%'} ; 0.00
AS38758;HYPERNET-AS-ID PT. HIPERNET INDODATA; 0.00 ; f:'0.00%'} ; 0.00
AS131735;IDNIC-TNC-ID PT Telemedia Network Cakrawala; 0.00 ; f:'0.00%'} ; 0.00
AS58474;MANGONET-AS-ID PT. MATRIXNET GLOBAL INDONESIA; 0.00 ; f:'0.00%'} ; 0.00
AS56242;SKI-AS-ID PT SUMBER KONEKSI INDOTELEMATIKA; 0.00 ; f:'0.00%'} ; 0.00
AS133329;MABESAD-AS MABESAD; 0.00 ; f:'0.00%'} ; 0.00
AS133355;; 0.00 ; f:'0.00%'} ; 0.00
AS59155;IDNIC-INETKU-AS-ID PT. Pemuda Berkarya Manunggal; 0.00 ; f:'0.00%'} ; 0.00
AS63495;SMI-AS-ID PT Satelit Multimedia Indonesia; 0.00 ; f:'0.00%'} ; 0.00
AS133827;IDNIC-UII-AS-ID UNIVERSITAS ISLAM INDONESIA; 0.00 ; f:'0.00%'} ; 0.00
AS131723;IDNIC-DJBC-ID Kementerian Keuangan Ditjen Bea Cukai; 0.00 ; f:'0.00%'} ; 0.00
AS63876;IDNIC-ISI-AS-ID Institut Seni Indonesia Yogyakarta; 0.00 ; f:'0.00%'} ; 0.00
AS56246;SDI-AS-ID PT Sumber Data Indonesia; 0.00 ; f:'0.00%'} ; 0.00
AS63494;INNOVATION-AS-ID PT Inovasi Jaringan Nusantara; 0.00 ; f:'0.00%'} ; 0.00
AS46049;UNDIP-AS-ID Universitas Diponegoro; 0.00 ; f:'0.00%'} ; 0.00
AS38769;BITEK-AS-ID PT. Bit Technology Nusantara; 0.00 ; f:'0.00%'} ; 0.00
AS9422;SOLNET-ID PT SOLNET INDONESIA; 0.00 ; f:'0.00%'} ; 0.00
AS133844;IDNIC-UINSUSKA-AS-ID Universitas Islam Negeri Suska Riau; 0.00 ; f:'0.00%'} ; 0.00
AS56060;SCBDNET-ID Pusat Telekomunikasi  SCBD; 0.00 ; f:'0.00%'} ; 0.00
AS63873;MAGNET-AS-ID PT Mitra Akses Globalindo; 0.00 ; f:'0.00%'} ; 0.00
AS55701;ASNET-AS-ID PT. Usaha Adisanggoro; 0.00 ; f:'0.00%'} ; 0.00
AS45288;CYBER512-AS-ID KOMUNIKA LIMA DUABELAS ; PT; 0.00 ; f:'0.00%'}
AS59280;IDNIC-KAILIGLOBAL-AS-ID PT. Kaili Global; 0.00 ; f:'0.00%'} ; 0.00
AS131734;IDNIC-UINJKT-AS-ID Universitas Islam Negeri Syarif Hidayatullah Jakarta; 0.00 ; f:'0.00%'} ; 0.00
AS55673;LINKNET-IDX-AS-ID Linknet-IDX ASN; 0.00 ; f:'0.00%'} ; 0.00
AS63500;; 0.00 ; f:'0.00%'} ; 0.00
AS58514;SUPERNET-AS-ID PT. Supernet Advance Teknologi; 0.00 ; f:'0.00%'} ; 0.00
AS56237;UNILA-AS-ID Universitas Lampung; 0.00 ; f:'0.00%'} ; 0.00
AS132658;IDNIC-DISKOMINFOPROVSU-AS-ID Dinas Komunikasi dan Informatika Provinsi Sumatera Utara; 0.00 ; f:'0.00%'} ; 0.00
AS38521;PISHON-AS-ID Pishon Wireless Teknologi ; PT; 0.00 ; f:'0.00%'}
AS63862;PASCALNET-AS-ID PT Pascal Solusi Nusantara; 0.00 ; f:'0.00%'} ; 0.00
AS23699;EZNET-AS-ID IP Teknologi Komunikasi ; PT.; 0.00 ; f:'0.00%'}
AS58824;IDNIC-UNIMED-AS-ID Universitas Negeri Medan; 0.00 ; f:'0.00%'} ; 0.00
AS58394;BPK-AS-ID Badan Pemeriksa Keuangan (BPK RI); 0.00 ; f:'0.00%'} ; 0.00
AS55665;STMI-AS-ID PT Sampoerna Telemedia Indonesia; 0.00 ; f:'0.00%'} ; 0.00
AS38148;QIANDRA-AS-ID QIANDRA INFORMATION TECHNOLOGY PT; 0.00 ; f:'0.00%'} ; 0.00
AS58478;PESAT2-AS-AP PT. Pasifik Satelit Nusantara; 0.00 ; f:'0.00%'} ; 0.00
AS131730;IDNIC-SATKOMINDO-AS-ID PT. SATKOMINDO MEDIYASA; 0.00 ; f:'0.00%'} ; 0.00
AS132636;SMTNET-AS-ID PT Sarana Mediatama Indonesia; 0.00 ; f:'0.00%'} ; 0.00
AS46047;POLSRI-AS-ID Politeknik Negeri Sriwijaya; 0.00 ; f:'0.00%'} ; 0.00
AS17995;SOLUSINET-AS-ID PT iForte Global Internet; 0.00 ; f:'0.00%'} ; 0.00
AS4855;PI-ID-AS-AP Pacific Link Indonesia; 0.00 ; f:'0.00%'} ; 0.00
AS55690;ANDIRA-AS-ID PT Andira Infomedia; 0.00 ; f:'0.00%'} ; 0.00
AS24195;DHECYBER-AS-ID Dhecyber Flow Indonesia ; PT; 0.00 ; f:'0.00%'}
AS46063;GRAHANET-AS-ID PT.Graha Telekomunikasi Indonesia; 0.00 ; f:'0.00%'} ; 0.00
AS58818;IDNIC-UMY-AS-ID Universitas Muhammadiyah Yogyakarta; 0.00 ; f:'0.00%'} ; 0.00
AS55654;IDNIC-ID Indonesia Network Information Center; 0.00 ; f:'0.00%'} ; 0.00
AS38510;DEPTAN-AS-ID KEMENTERIAN PERTANIAN REPUBLIK INDONESIA; 0.00 ; f:'0.00%'} ; 0.00
AS38153;UPH-AS-ID Universitas Pelita Harapan; 0.00 ; f:'0.00%'} ; 0.00
AS55684;UNS-AS-ID Universitas Sebelas Maret; 0.00 ; f:'0.00%'} ; 0.00
AS24213;ARSEN-AS-ID PT. Arsen Kusuma Indonesia; 0.00 ; f:'0.00%'} ; 0.00
AS55694;UCS-AS-ID Universitas Ciputra; 0.00 ; f:'0.00%'} ; 0.00
AS53813;ZSCALER-INC - ZSCALER ; INC.; 0.00 ; f:'0.00%'}
AS55653;SKYLINE-AS-ID Skyline Semesta ; PT; 0.00 ; f:'0.00%'}
AS131759;IDNIC-WDS-AS-ID PT. Web Data Solusindo; 0.00 ; f:'0.00%'} ; 0.00
AS38778;DWPNET-AS-ID PT. Dutakom Wibawa Putra; 0.00 ; f:'0.00%'} ; 0.00
AS58551;IDNIC-VISIKOM-AS-ID PT. Visikom Indo Sentratama; 0.00 ; f:'0.00%'} ; 0.00
AS131709;IDNIC-UNSOED-AS-ID PENGGUNA DIKS PTH UNSOED; 0.00 ; f:'0.00%'} ; 0.00
AS45712;DEPLU-AS-ID Departemen Luar Negeri Republik Indonesia; 0.00 ; f:'0.00%'} ; 0.00
AS38516;INFOKOMNAP-AS-ID Infokom Elektrindo ; PT.; 0.00 ; f:'0.00%'}
AS38783;SIMAYA-AS-ID PT. Simaya Jejaring Mandiri; 0.00 ; f:'0.00%'} ; 0.00
AS63874;IDNIC-BOSOWA-AS-ID PT Bosowa Media Utama; 0.00 ; f:'0.00%'} ; 0.00
AS46024;BNI-AS-ID PT. Bank Negara Indonesia (Persero) ; Tbk.; 0.00 ; f:'0.00%'}
AS24197;BIGNET-AS-ID Elka Prakarsa Utama ; PT; 0.00 ; f:'0.00%'}
AS46057;UMM-AS-ID Universitas Muhammadiyah Malang; 0.00 ; f:'0.00%'} ; 0.00
AS45718;JURAGAN-AS-ID PT Surya Global Teknologi; 0.00 ; f:'0.00%'} ; 0.00
AS24536;ELNUS-AS-ID PT. Elektrindo Data Nusantara; 0.00 ; f:'0.00%'} ; 0.00
AS58477;ARGON-AS-ID Argon Data Communication; 0.00 ; f:'0.00%'} ; 0.00
AS56241;METRASAT-AS-ID PT METRASAT; 0.00 ; f:'0.00%'} ; 0.00
AS18051;JARDIKNAS-AS-AP Pustekkom; 0.00 ; f:'0.00%'} ; 0.00
AS38535;M2AKSES-AS-AP P.T. Mega Media Aksesindo; 0.00 ; f:'0.00%'} ; 0.00
AS45716;JETFLASH-AS-ID Cikarang Cyberindo PT.; 0.00 ; f:'0.00%'} ; 0.00
AS55687;UNTAN-AS-ID Universitas Tanjungpura; 0.00 ; f:'0.00%'} ; 0.00
AS134655;; 0.00 ; f:'0.00%'} ; 0.00
AS133828;DUTAMEDIALINK-AS-ID PT Duta Medialink; 0.00 ; f:'0.00%'} ; 0.00
AS131713;IDNIC-SPICELINK-AS-ID PT Sano Komunikasi; 0.00 ; f:'0.00%'} ; 0.00
AS133356;IDNIC-KINEZNETWORK-AS-ID PT. Kinez Network Solutions; 0.00 ; f:'0.00%'} ; 0.00
AS38507;MITRATECHNET-AS-ID PT. Mitra Internet Tech; 0.00 ; f:'0.00%'} ; 0.00
AS45315;POLARIS-AS-ID PT POLARISNET; 0.00 ; f:'0.00%'} ; 0.00
AS58499;IDNIC-PRIMASTREAM-AS-ID CV TIKA UTAMA; 0.00 ; f:'0.00%'} ; 0.00
AS59274;IDNIC-MST-AS-ID PT Mitra Solusi Telematika; 0.00 ; f:'0.00%'} ; 0.00
AS63501;MENTARI-AS-ID PT Mega Mentari Mandiri; 0.00 ; f:'0.00%'} ; 0.00
AS55679;HYPERMEDIA-AS-ID PT Hyperindo Media Perkasa; 0.00 ; f:'0.00%'} ; 0.00
AS59146;IDNIC-BPB-AS-ID BP Berau Indonesia; 0.00 ; f:'0.00%'} ; 0.00
AS133819;CIM-AS-ID PT CITRA INFOMEDIA; 0.00 ; f:'0.00%'} ; 0.00
AS58385;BSM-AS-ID PT. Bank Syariah Mandiri; 0.00 ; f:'0.00%'} ; 0.00
AS58486;ITECHNET-AS-ID PT. Intelex Technet Global; 0.00 ; f:'0.00%'} ; 0.00
AS63510;UNSYIAH-AS-ID Syiah Kuala University (Unsyiah); 0.00 ; f:'0.00%'} ; 0.00
AS38761;SPM-AS-ID PT. Sakti Putra Mandiri; 0.00 ; f:'0.00%'} ; 0.00
AS63493;IDNIC-NORLECTELEKOMINDO-AS-ID PT Norlec Telekomunikasi Indonesia; 0.00 ; f:'0.00%'} ; 0.00
AS133796;KEMENDAG-AS-ID Subbid Sistem Jaringan dan Infrastruktur; 0.00 ; f:'0.00%'} ; 0.00
AS132649;ADAUNET-AS-ID PT Adau Putra Network; 0.00 ; f:'0.00%'} ; 0.00
AS131769;IDNIC-MAYATAMA-AS-ID PT Mayatama Solusindo; 0.00 ; f:'0.00%'} ; 0.00
AS55693;BATI-AS-ID PT. Bangun Abadi Teknologi Indonesia; 0.00 ; f:'0.00%'} ; 0.00
AS45734;IDNIC-METROTV-AS-ID PT Media Televisi Indonesia; 0.00 ; f:'0.00%'} ; 0.00
AS55670;UNIVERSALNET-AS-ID PT. Universal Broadband; 0.00 ; f:'0.00%'} ; 0.00
AS131765;IDNIC-DEPDAGRI-AS-ID Kementerian Dalam Negeri Republik Indonesia; 0.00 ; f:'0.00%'} ; 0.00
AS38763;CYBERBINTAN-AS-ID PT. Cyber Bintan; 0.00 ; f:'0.00%'} ; 0.00
AS59151;IDNIC-JOGJAPROV-AS-ID Bidang Layanan Teknologi dan Informasi Dinas Perhubungan; 0.00 ; f:'0.00%'} ; 0.00
AS131693;IDNIC-KEMENAG-AS-ID Kementerian Agama (KEMENAG); 0.00 ; f:'0.00%'} ; 0.00
AS24525;SAP-AS-ID PT Solusi Aksesindo Pratama; 0.00 ; f:'0.00%'} ; 0.00
AS45705;PPTIK-UGM-AS-ID PPTIK - UNIVERSITAS GADJAH MADA; 0.00 ; f:'0.00%'} ; 0.00
AS59143;IDNIC-WIKA-AS-ID PT. Wijaya Karya; 0.00 ; f:'0.00%'} ; 0.00
AS133831;IDNIC-MAROSKAB-AS-ID Pemerintah Kabupaten Maros; 0.00 ; f:'0.00%'} ; 0.00
AS9326;CENTRIN-AS-AP PT Centrin Utama; 0.00 ; f:'0.00%'} ; 0.00
AS58375;UNUD-AS-ID Universitas Udayana; 0.00 ; f:'0.00%'} ; 0.00
AS133805;IDNIC-POLMAN-AS-ID Politeknik Manufaktur Negeri Bandung; 0.00 ; f:'0.00%'} ; 0.00
AS56260;PASCAL-AS-ID PT Pascal Indonesia; 0.00 ; f:'0.00%'} ; 0.00
AS133832;IDNIC-MERCUBUANAYOGYA-AS-ID Universitas Mercu Buana Yogyakarta; 0.00 ; f:'0.00%'} ; 0.00
AS38159;JJNET-AS-ID PT Jivan Jaya Makmur Telecom; 0.00 ; f:'0.00%'} ; 0.00
AS2;UDEL-DCN - University of Delaware; 0.00 ; f:'0.00%'} ; 0.00
AS132664;IDNIC-PTMCM-AS-ID PT. Merah Cipta Media; 0.00 ; f:'0.00%'} ; 0.00
AS55680;KSI-UAJY-AS-ID Kantor Sistem Informasi Universitas Atma Jaya Yogyakarta; 0.00 ; f:'0.00%'} ; 0.00
AS24201;ANDALASMEDIA-AS-ID PT. Andalas Media Informatika; 0.00 ; f:'0.00%'} ; 0.00
AS38156;ROUTELINK-AS-ID Internet Service Provider; 0.00 ; f:'0.00%'} ; 0.00
AS135439;; 0.00 ; f:'0.00%'} ; 0.00
AS59150;IDNIC-RTIGA-AS-ID PT Rtiga Global Media; 0.00 ; f:'0.00%'} ; 0.00
AS17670;INFOKOM-AS MNC Playmedia; 0.00 ; f:'0.00%'} ; 0.00
AS63867;IDNIC-DESIBLE-AS-ID PT Tirta Karya Buana; 0.00 ; f:'0.00%'} ; 0.00
AS46038;CEPATNET-AS-ID CepatNet; 0.00 ; f:'0.00%'} ; 0.00
AS24204;SATNETCOM-AS-ID Satnetcom Balikpapan PT.; 0.00 ; f:'0.00%'} ; 0.00
AS38523;INTIKOMP-AS-ID INTI INFORMATIKA ; PT; 0.00 ; f:'0.00%'}
AS45305;LDP-AS-ID Lintas Data Prima ; PT; 0.00 ; f:'0.00%'}
AS132637;BITSNET-AS-ID PT BINA INFORMATIKA SOLUSI; 0.00 ; f:'0.00%'} ; 0.00
AS45320;DEPKOMINFO-AS-ID Departemen Komunikasi dan Informasi Republik Indonesia; 0.00 ; f:'0.00%'} ; 0.00
AS58820;IDNIC-PTAMI-AS-ID PT Apik Media Inovasi; 0.00 ; f:'0.00%'} ; 0.00
AS135459;; 0.00 ; f:'0.00%'} ; 0.00
AS63879;IDNIC-UINSGD-AS-ID UIN Sunan Gunung Djati Bandung; 0.00 ; f:'0.00%'} ; 0.00
AS24212;JASNET-AS-ID PT. JASNITA TELEKOMINDO; 0.00 ; f:'0.00%'} ; 0.00
AS58561;REPUBLIKAMEDIAMANDIRI-AS Jl. Warung Buncit Raya No. 37; 0.00 ; f:'0.00%'} ; 0.00
AS55697;USU-AS-ID Universitas Sumatera Utara; 0.00 ; f:'0.00%'} ; 0.00
AS38162;DELTA-AS-ID PT Delta Nusantara Networks; 0.00 ; f:'0.00%'} ; 0.00
AS9228;CENTRALONLINE-ID-AS-AP PT. Total Info Kharisma; 0.00 ; f:'0.00%'} ; 0.00
AS132641;NETCITI-AS-ID PT Netciti Persada; 0.00 ; f:'0.00%'} ; 0.00
AS58558;IDNIC-WIJAYASOLUSINDO-AS-ID PT Jagat Media Teknologi; 0.00 ; f:'0.00%'} ; 0.00
AS132653;B-LINK-AS-ID PT Transdata Sejahtera; 0.00 ; f:'0.00%'} ; 0.00
AS45295;KEPRINET-AS-ID PT. Cipta Informatika Cemerlang; 0.00 ; f:'0.00%'} ; 0.00
AS56234;NARATEL-AS-ID PT Naraya Telematika; 0.00 ; f:'0.00%'} ; 0.00
AS64030;; 0.00 ; f:'0.00%'} ; 0.00
AS58400;UNNES-AS-ID Universitas Negeri Semarang; 0.00 ; f:'0.00%'} ; 0.00
AS132668;BALITOWERNET-AS-ID PT Bali Towerindo Sentra; 0.00 ; f:'0.00%'} ; 0.00
AS38527;MLINK-AS-ID JAWA POS NATIONAL NETWORK MEDIALINK ; PT; 0.00 ; f:'0.00%'}
AS38753;SOLUSINDO-AS-ID Solusindo Bintang Pratama ; PT; 0.00 ; f:'0.00%'}
AS63877;IDNIC-UNIVERSALKENDARI-AS-ID PT Universal Internet Service; 0.00 ; f:'0.00%'} ; 0.00
AS59148;IDNIC-XPNET-AS-ID PT Xepia Prima; 0.00 ; f:'0.00%'} ; 0.00
AS55672;USD-AS-ID Universitas Sanata Dharma; 0.00 ; f:'0.00%'} ; 0.00
AS133839;IDNIC-TNGK-AS-ID Dinas Komunikasi dan Informatika Tangerang Kota; 0.00 ; f:'0.00%'} ; 0.00
AS38517;IDNIC-ID Indonesia Network Information Center; 0.00 ; f:'0.00%'} ; 0.00
AS38202;MNET-INDONESIA-AS-ID PT. Mnet Indonesia Transit AS; 0.00 ; f:'0.00%'} ; 0.00
AS46062;LINTASBUANA-AS-ID PT. BUANA LINTAS MEDIA; 0.00 ; f:'0.00%'} ; 0.00
AS134643;JKSNET-AS-ID PT Jaya Kartha Solusindo; 0.00 ; f:'0.00%'} ; 0.00
AS55652;DASHNET-AS-ID Sumidhaz Permata Bunda ; PT; 0.00 ; f:'0.00%'}
AS38502;MDPNET-AS-ID PT. MULTI DATA PALEMBANG; 0.00 ; f:'0.00%'} ; 0.00
AS56255;TRANSTECH-AS-ID PT Transtech Communication Media; 0.00 ; f:'0.00%'} ; 0.00
AS132652;IDNIC-UNINA-AS-ID PT. Cahaya Buana Raksa; 0.00 ; f:'0.00%'} ; 0.00
AS133841;IDOLA-BROADBAND-AS-ID INDONESIA BROADBAND ACCESS - ANYWHERE; 0.00 ; f:'0.00%'} ; 0.00
AS131781;IDNIC-UINMALANG-AS-ID Universitas Islam Negeri Maulana Malik Ibrahin (UIN Maliki); 0.00 ; f:'0.00%'} ; 0.00
AS55698;INFOMEDIA-AS-ID Infomedia Nusantara PT.; 0.00 ; f:'0.00%'} ; 0.00
AS132638;IDNIC-IAIN-WALISONGO-AS-ID IAIN Walisongo Semarang; 0.00 ; f:'0.00%'} ; 0.00
AS38155;AUDIANET-AS-ID Audianet Sentra Data ; PT; 0.00 ; f:'0.00%'}
AS38896;CERGIS-AS-AP PT. Centra Global Investama; 0.00 ; f:'0.00%'} ; 0.00
AS132660;IDNIC-UNG-AS-ID Universitas Negeri Gorontalo; 0.00 ; f:'0.00%'} ; 0.00
AS38515;GRAHAMEDIA-NET-AS-ID GRAHAMEDIA INFORMASI ; PT.; 0.00 ; f:'0.00%'}
AS38779;BMG-AS-ID Badan Meteorologi dan Geofisika; 0.00 ; f:'0.00%'} ; 0.00
AS18103;NEUVIZ-AS-ID-AP Neuviz Net; 0.00 ; f:'0.00%'} ; 0.00
AS134650;; 0.00 ; f:'0.00%'} ; 0.00
AS63881;MDI-AS-ID PT. Medianet Digital Indonesia; 0.00 ; f:'0.00%'} ; 0.00
AS58392;SWIN-AS-ID PT. Sewiwi Indonesia; 0.00 ; f:'0.00%'} ; 0.00
AS133357;IDNIC-TELU-AS-ID TELKOM UNIVERSITY; 0.00 ; f:'0.00%'} ; 0.00
AS23691;MITRA-NET-AS-AP PT Multi Teknologi Sejahtra; 0.00 ; f:'0.00%'} ; 0.00
AS59275;IDNIC-UMS-AS-ID Universitas Muhammadiyah Surakarta; 0.00 ; f:'0.00%'} ; 0.00
AS38505;GKD-AS-ID PT. Global Komunika Dewata; 0.00 ; f:'0.00%'} ; 0.00
AS133825;IDNIC-UNPATTI-AS-ID Universitas Pattimura; 0.00 ; f:'0.00%'} ; 0.00
AS59159;IDNIC-PDISBPPT-AS-ID PDIS - BADAN PENGKAJIAN DAN PENERAPAN TEKNOLOGI; 0.00 ; f:'0.00%'} ; 0.00
AS132676;IDNIC-UNSRI-AS-ID Universitas Sriwijaya; 0.00 ; f:'0.00%'} ; 0.00
AS38506;PIKANET-AS-ID PT Pika Media Komunika; 0.00 ; f:'0.00%'} ; 0.00
AS131697;SI-AS-ID PT Samudera Indonesia Tbk.; 0.00 ; f:'0.00%'} ; 0.00
AS17553;IPBNET-AS-AP Bogor Agricultural University; 0.00 ; f:'0.00%'} ; 0.00
AS134627;IDNIC-UKSW-AS-ID Universitas Kristen Satya Wacana; 0.00 ; f:'0.00%'} ; 0.00
AS18365;GRAMEDIA-ID GRAMEDIA ; PT.; 0.00 ; f:'0.00%'}
AS59278;IDNIC-NIDS-AS-ID PT NIDS Indonesia; 0.00 ; f:'0.00%'} ; 0.00
AS17676;GIGAINFRA Softbank BB Corp.; 0.00 ; f:'0.00%'} ; 0.00
AS134626;IDNIC-ARISTI-AS-ID PT. Aristi Jasadata; 0.00 ; f:'0.00%'} ; 0.00
AS133361;IDNIC-UNPAR-AS-ID Biro Teknologi Informasi; 0.00 ; f:'0.00%'} ; 0.00
AS46042;GUNADARMA-AS-ID Gunadarma University; 0.00 ; f:'0.00%'} ; 0.00
AS58376;AKGU-AS-ID PT Angkasa Komunikasi Global Utama; 0.00 ; f:'0.00%'} ; 0.00
AS131112;MMTC-AS-ID Sekolah Tinggi Multi Media MMTC Yogyakarta; 0.00 ; f:'0.00%'} ; 0.00
AS58381;WOWRACK-AS-ID Wow Internet Indonesia; 0.00 ; f:'0.00%'} ; 0.00
AS46054;WLAN-AS-ID PT Wahana Lintas Nusa Persada; 0.00 ; f:'0.00%'} ; 0.00
AS9785;JASATELNET-AS-ID Jasa Terpadu Telematika (Jasatel); 0.00 ; f:'0.00%'} ; 0.00
AS17826;SATATANET-ID Jl. Raya Pasar Minggu no 99D; 0.00 ; f:'0.00%'} ; 0.00
AS132655;IDNIC-DPDRI-AS-ID Sekretariat Jenderal Dewan Perwakilan Daerah Republik Indonesia; 0.00 ; f:'0.00%'} ; 0.00
AS45710;CHOICENET-AS-ID Yudhawira Khatulistiwa ; PT; 0.00 ; f:'0.00%'}
AS38001;NEWMEDIAEXPRESS-AS-AP NewMedia Express Pte Ltd. Singapore Web Hosting Service Provider; 0.00 ; f:'0.00%'} ; 0.00
AS56245;FAJAR-AS-ID PT Fajar Techno System; 0.00 ; f:'0.00%'} ; 0.00
AS38764;POLRI-AS-ID MARKAS BESAR KEPOLISIAN REPUBLIK INDONESIA; 0.00 ; f:'0.00%'} ; 0.00
AS56254;UNRI-AS-ID UNIVERSITAS RIAU; 0.00 ; f:'0.00%'} ; 0.00
AS45294;WANXP-AS-ID PT. Wanriau Indoxp; 0.00 ; f:'0.00%'} ; 0.00
AS56239;GASTRANET-AS-ID PT Graha Anugrah Sejahtera; 0.00 ; f:'0.00%'} ; 0.00
AS38146;DIGINET-AS-ID DIGITAL WIRELESS INDONESIA PT.; 0.00 ; f:'0.00%'} ; 0.00
AS55656;DEPHUB-AS-ID Ministry of Transportation Republic of Indonesia; 0.00 ; f:'0.00%'} ; 0.00
AS58495;HSPNET-AS-ID PT Parsaoran Global Datatrans; 0.00 ; f:'0.00%'} ; 0.00
AS46045;SIAK-AS-ID PD Sarana Pembangunan Siak; 0.00 ; f:'0.00%'} ; 0.00
AS46027;POSTEL-AS-ID Direktorat Jenderal Pos dan Telekomunikasi (Dirjen Postel); 0.00 ; f:'0.00%'} ; 0.00
AS131722;IDNIC-PU-AS-ID Kementrian Pekerjaan Umum; 0.00 ; f:'0.00%'} ; 0.00
AS45786;HTSNET-AS-ID HTSNET - ISP; 0.00 ; f:'0.00%'} ; 0.00
AS46050;IDNIC-ID Indonesia Network Information Center; 0.00 ; f:'0.00%'} ; 0.00
AS63885;MYNET-AS-ID PT Inovasi Tjaraka Buana; 0.00 ; f:'0.00%'} ; 0.00
AS38509;MAXIMA-AS-ID PT. Maxima Data; 0.00 ; f:'0.00%'} ; 0.00
AS131703;IDNIC-UNJ-AS-ID Universitas Negeri Jakarta; 0.00 ; f:'0.00%'} ; 0.00
AS23950;GENID-AS-ID Generasi Indonesia Digital PT.; 0.00 ; f:'0.00%'} ; 0.00
AS24210;ANGKASAWAVE-AS-ID Angkasa Sarana Teknik Komunikasi PT; 0.00 ; f:'0.00%'} ; 0.00
AS18112;KSNET-ID-AS-AP PT. Sejuta Jaring Global; 0.00 ; f:'0.00%'} ; 0.00
AS24538;DIGISATNET-AS-ID DIGITAL SATELLITE INDONESIA PT.; 0.00 ; f:'0.00%'} ; 0.00
AS23698;VIPNET-AS-ID VIP.NET - Internet Service Provider; 0.00 ; f:'0.00%'} ; 0.00
AS45298;INTERLINK-TECH-AS-ID INTERLINK TECHNOLOGY ; PT; 0.00 ; f:'0.00%'}
AS38143;BLUELINE-AS-ID PT. Rabik Bangun Pertiwi ; PMA; 0.00 ; f:'0.00%'}
AS132675;TAB-AS-ID PT. Terang Abadi Bersama; 0.00 ; f:'0.00%'} ; 0.00
AS133817;INTIDATA-AS-ID PT Inti Data Telematika; 0.00 ; f:'0.00%'} ; 0.00
AS59149;TUJUHDELAPANSEMBILANNET-AS-ID PT. TUJUH DELAPAN SEMBILAN NET; 0.00 ; f:'0.00%'} ; 0.00
AS38490;INDOSATM2-NAP-AS-AP INDOSAT Mega Media (Internet Network Provider) Pt; 0.00 ; f:'0.00%'} ; 0.00
AS132667;IDNIC-UNJA-AS-ID Universitas Jambi; 0.00 ; f:'0.00%'} ; 0.00
AS38754;PRIMENET-AS-ID PRIMEDIA ARMOEKADATA INTERNET ; PT.; 0.00 ; f:'0.00%'}
AS45313;PEMDA-NAD-AS-ID Dinas Perhubungan ;komunikasi ; informasi dan Telematika -NAD; 0.00
AS38142;UNAIR-AS-ID Universitas Airlangga; 0.00 ; f:'0.00%'} ; 0.00
AS24211;DETIK-AS-ID PT. Detik Ini JUga; 0.00 ; f:'0.00%'} ; 0.00
AS58387;BPOM-AS-ID Badan Pengawas Obat dan Makanan; 0.00 ; f:'0.00%'} ; 0.00
AS133343;IDNIC-BAPPENAS-AS-ID BADAN PERENCANAAN DAN PEMBANGUNAN NASIONAL; 0.00 ; f:'0.00%'} ; 0.00
AS131728;ANEKASIGNAL-AS-ID PT Aneka Signal; 0.00 ; f:'0.00%'} ; 0.00
AS45701;MILLENINDO-AS-ID Internet Madju Abad Millenindo ; PT; 0.00 ; f:'0.00%'}
AS4382;INDONUSA-ID PT. Indonusa System Integrator Prima; 0.00 ; f:'0.00%'} ; 0.00
AS17671;ASN-JETCOMS JETCOMS-ID Autonomous system; 0.00 ; f:'0.00%'} ; 0.00
AS58821;IDNIC-LJN-AS-ID PT Lintas Jaringan Nusantara; 0.00 ; f:'0.00%'} ; 0.00
AS131779;IDNIC-BDSI-DPR-AS-ID Bidang Data dan Sarana Informasi (BDSI) Sekjen DPR RI; 0.00 ; f:'0.00%'} ; 0.00
AS3382;ERX-JUITA-UINET University of Indonesia; 0.00 ; f:'0.00%'} ; 0.00
AS45317;JATARA-AS-ID Jaringan Lintas Utara ; PT; 0.00 ; f:'0.00%'}
AS46061;AIM-AS-ID PT. Adi Inti Mandiri; 0.00 ; f:'0.00%'} ; 0.00
AS58492;UNISSULA-AS-ID Universitas Islam Sultan Agung; 0.00 ; f:'0.00%'} ; 0.00
AS3;MIT-GATEWAYS - Massachusetts Institute of Technology; 0.00 ; f:'0.00%'} ; 0.00
AS17884;UNINET-AP PT. Uninet Media Sakti (ISP); 0.00 ; f:'0.00%'} ; 0.00
AS18059;DTPNET-AS-AP DTPNET NAP; 0.00 ; f:'0.00%'} ; 0.00
AS38785;BAGUSNET-AS-ID PT. BORNEO BROADBAND TECHNOLOGY; 0.00 ; f:'0.00%'} ; 0.00
AS134637;VELTRA-AS-ID PT.VELTRATEL; 0.00 ; f:'0.00%'} ; 0.00
AS38771;CYBERPLUS-AS-ID PT Cyberplus Media Pratama; 0.00 ; f:'0.00%'} ; 0.00
AS58396;DETELNETWORKS-AS-ID PT. DEWATA TELEMATIKA; 0.00 ; f:'0.00%'} ; 0.00
AS46056;GCC-AS-ID PT Jovimaro Karya Agung; 0.00 ; f:'0.00%'} ; 0.00
AS133808;JETCOMS-AS-ID PT Jetcoms Netindo; 0.00 ; f:'0.00%'} ; 0.00
AS24526;BINUS Bina Nusantara University; 0.00 ; f:'0.00%'} ; 0.00
AS38524;LAXONET-AS-ID Laxo Global Akses ; PT; 0.00 ; f:'0.00%'}
AS4833;SPOTNET-AS-AP PT. Usaha Mediantara Intranet (ISP);;;1
AS9462;BOLEH-NET-AP BOLEHNET-ASN;;;20
AS10208;THENET-AS-ID-AP PT. Millenium Internetindo;;;46
AS17450;ANGKASA-KOMUNIKASI-ID PT Angkasa Komunikasi Global Utama;;;16
AS17454;HASINDONET-AS-ID-AP PT Hasindo Net;;;17
AS17769;CITYNET-AP PT Indopratama Teleglobal (ISP)Wisma BSG Floor 6;;;25
AS17922;INDOSAT-INP INDOSAT Internet Network Provider;;;36
AS18052;ASIAKOMNET-ID-AP Asiakomnet Multimedia ; PT;;
AS18351;MEDIAAKSES-AS PT Media Akses Global Indo ; Internet Provider Jakarta;;
AS18379;CSMNAP-AS-AP CSMNAP-ASN;;;31
AS23651;IDNIC-AS-ID Indonesia Network Information Center;;;1
AS23694;INDIKANET-AS-ID Indika Telemedia PT.;;;15
AS23696;FIRSTASIANET-AS-ID PT Asia Utama.;;;18
AS23946;TOPNET-AS-ID PT Dunia Informasi Teknologi (TOPNET);;;2
AS24057;AIGL-AS-AP PT. AIA FINANCIAL ; Insurance company ; Indonesia;
AS24199;DNK-AS-ID Dini Nusa Kusuma ; P.T.;;
AS24202;PAKTELNET-AS-ID PT. PASIFIKTEL INDOTAMA;;;7
AS24209;INTERMEDIANET-AS-ID PT. Inter Media Lintas Nusa;;;44
AS24519;KUSUMA-AS-ID PT Kusuma Dinatha Jaya Abadi;;;33
AS24522;GLOBALPORTNET-AS-ID PT Global Port Binekatara;;;37
AS24529;IDNIC-AS-ID Indonesia Network Information Center;;;4
AS24534;TRANSHYBRID-AS-ID PT. Transhybrid Communication;;;26
AS30279;VIRTUZO - Virtuzo;;;1
AS38147;INOVANET-AS-ID PT. Inova Duapuluh Duapuluh;;;17
AS38149;RATELINDONET-AS-ID PT. Bakrie Telecom;;;3
AS38152;NEXXG-NET PT Antar Mitra Prakarsa;;;6
AS38171;DANAMON-AS-ID PT Bank Dananamon Indonesia Tbk;;;3
AS38274;MEGAXUS-AS-ID-AP PT. Megaxus Infotech;;;40
AS38494;BBGISA-AS-ID-AP PT. Bakrie  Brothers ; Tbk;;
AS38498;BIZNET-BII-AS-ID 203.31.164.023;;;13
AS38501;WAVENET-AS-ID PT Solusi Lintas Data;;;21
AS38518;LINTASWAVENET-AS-ID Lintas Wave Network Solution ; PT.;;
AS38522;TELINDONET-ID-AS Telindo Nusantara ; PT;;
AS38567;REKIND-AS-ID-AP PT. Rekayasa Industri;;;46
AS38756;IDNIC-ID Indonesia Network Information Center;;;38
AS38775;IDSIRTII-AS-ID Indonesia SIRT;;;8
AS38784;ORBICOMNET-AS-ID PT. Global Inti Corporatama;;;42
AS45286;EDIINDONESIA-AS-ID PT EDI INDONESIA;;;8
AS45291;SURF-ID PT Surfindo Network;;;4
AS45319;UBHARA-AS-ID Universitas Bhayangkara;;;9
AS45696;PPATK-AS-ID Pusat Pelaporan dan Analisis Transaksi Keuangan;;;1
AS45699;JDN-AS-ID Jogja Digital ; PT;;
AS45708;SURABAYA-AS-ID Pemerintah Kota Surabaya;;;25
AS45714;STI-AS-ID Sampoerna Telekomunikasi Indonesia ; PT;;
AS45715;IDNIC-ID Indonesia Network Information Center;;;38
AS45729;INDONET-AS-AP INDO Internet ; PT;;
AS45731;ARDH-AS-ID ARDH GLOBAL INDONESIA ; PT;;
AS45733;CIFOR-AS-ID Center For International Forestry Research(CIFOR);;;3
AS45735;UNINET-NAP-AS-ID PT. UNINET MEDIA SAKTI;;;21
AS45756;INTERLINK PT. INTERLINK TECHNOLOGY;;;43
AS46025;CBN-GLOBAL-AS-ID PT. Cyberindo Aditama;;;5
AS46030;NEXCOMNET-AS-ID PT Jastrindo Dinamika;;;1
AS46035;TRIKOMSEL-AS-ID PT Trikomsel Oke Tbk;;;5
AS46043;BIGPIPES-AS-ID PT Bluewater Indonesia;;;25
AS46055;ROKA-AS-ID PT ROKA LANE ASIA;;;13
AS46058;LINKS-AS-ID PT. Triwahana Gemasakti;;;20
AS50896;AS-REGION40 Trusov Ilya Igorevych;;;10
AS55481;WOTIFGROUP-AS-AP Wotif.com Holdings Limited;;;1
AS55655;SIMS-AS-ID PT. Saranainsan Mudaselaras;;;2
AS55660;MWN-AS-ID PT Master Web Network;;;6
AS55661;JATISMOBILE-AS-ID PT Informasi Teknologi Indonesia;;;22
AS55663;NETARA-AS-ID PT Poros Network Nusantara;;;1
AS55664;IDNIC-SERVERKEREN-AS-ID PT Exa Rekatek Prosolusi;;;4
AS55667;IPTELECOM-AS-ID PT IP Telecom Multimedia Indonesia;;;5
AS55677;HTS-AS-ID PT. Hawk Teknologi Solusi;;;3
AS55682;FIBERMEDIA-AS-ID PT. Fiber Media Indonesia;;;6
AS55696;SCOM-AS-ID Starcom Solusindo PT.;;;13
AS56088;PANDI-ID PANDI - Pengelola Nama Domain Internet Indonesia;;;10
AS56235;KOMI-AS-ID PT KOMATSU INDONESIA;;;3
AS56236;BNN-AS-ID Badan Narkotika Nasional;;;36
AS56238;SPA-AS-ID PT. SURYAPUTRA ADIPRADANA;;;15
AS56259;AGIT-AS-ID PT Astra Graphia Information Technology;;;35
AS56261;BTIP-AS-ID Balai Telekomunikasi dan Informatika Perdesaan;;;4
AS56308;TELIN-NET-SG TELEKOMUNIKASI INDONESIA INTERNATIONAL ; PTE.LTD;;
AS58390;FUS-AS-ID PT. Faasri Utama Sakti;;;5
AS58391;CMS-AS-ID PT Citra Media Solusindo;;;1
AS58397;INFINYS-AS-ID PT Infinys System Indonesia;;;33
AS58398;INDIKAENERGY-AS-ID PT. Indika Energy Tbk;;;36
AS58401;TRIKUSUMA-AS-ID CV Tri Kusuma;;;45
AS58402;SCNG-AS-ID Smart Communication Network Group;;;13
AS58403;BPDDIY-AS-ID Bank Pembangunan Daerah DIY;;;2
AS58404;QWORDS-AS-ID PT Qwords Company International;;;37
AS58463;PGASCOM-AS-AP PT.PGAS TELEKOMUNIKASI NUSANTARA;;;2
AS58480;CIMBNIAGA-AS-ID PT Bank CIMB Niaga Tbk;;;6
AS58485;WIFIAN-AS-ID Wifian Solution PT.;;;25
AS58556;IDNIC-UNIKOM-AS-ID PT Universal Komunikatama;;;31
AS58816;IDNIC-GARENA-AS-ID PT Garena Indonesia;;;1
AS59132;IDNIC-BI-AS-ID Bank Indonesia;;;6
AS59133;IDNIC-DAYASITEL-AS-ID PT Daya Sinergi Telekomunikasi;;;4
AS59135;IDNIC-SDK-AS-ID PT Suraloka Digital Kreatif;;;1
AS59137;IDNIC-KEMHAN-AS-ID PUSDATIN KEMHAN RI;;;40
AS59140;IDNIC-GBN-AS-ID PT Global Borneo Nusantara;;;34
AS59142;IDNIC-BATAMKOTA-AS-ID Pemerintah Kota Batam;;;27
AS59147;IDNIC-DRUPADI-AS-ID PT. Drupadi Prima;;;6
AS59157;IDNIC-ID Indonesia Network Information Center;;;6
AS59160;IDNIC-BKKBN-AS-ID Badan Kependudukan dan Keluarga Berencana Nasional;;;44
AS59272;IDNIC-LST-AS-ID PT Lawang Sewu Teknologi;;;1
AS59279;IDNIC-RMI-AS-ID PT Raja Mitra Informatika;;;3
AS59287;IDNIC-MAXIMEDIA-AS-ID PT Maximedia Cakrawala;;;7
AS59288;IDNIC-NETSENTRA-AS-ID PT Net Sentra Cyberindo;;;1
AS62638;QUERY-FOUNDRY - Query Foundry ; LLC;;
AS63488;IDNIC-TOTALTEKNO-AS-ID PT Total Trimitra Teknologi;;;2
AS63489;IDNIC-BPRTIK-AS-ID Balai Pelatihan Riset TIK BLSDM Kemkominfo;;;24
AS63491;IDNIC-WIMA-AS-ID Universitas Katolik Widya Mandala;;;35
AS63498;SPA-AS-ID PT. SURYAPUTRA ADIPRADANA;;;13
AS63503;IDNIC-NADYNE-AS-ID PT. Nadyne Media Tama;;;21
AS63506;IDNIC-BASARNAS-AS-ID Badan SAR Nasional;;;1
AS63509;IDNIC-MMP-ID PT Matra Mandiri Prima;;;32
AS63513;IDNIC-GG-ID PT Gudang Garam Tbk;;;18
AS63514;SSI-AS-ID PT. Sumatra Sistem Integrasi;;;10
AS63858;MCOIN-AS-ID PT Mobile Coin Asia;;;32
AS63860;IDNIC-VIPERNETWORK-AS-ID PT Vitya Persada Informatika;;;3
AS63863;IDNIC-IBOLZ-AS-ID PT Balepoint;;;2
AS63869;MERAHPUTIH-AS-ID PT MERAH PUTIH TELEMATIKA;;;10
AS63883;IDNIC-CLOUDSERVERS-AS-ID PT Senosan Multi Artha;;;1
AS131694;IDNIC-JABIKHA-AS-ID PT Jabikha Teknologi Indonesia;;;10
AS131710;IDNIC-AERONET-AS-ID PT Aero Systems Indonesia;;;31
AS131716;IDNIC-BDS-AS-ID PT. Bens Data Solusi;;;7
AS131721;IDNIC-KALBE-AS-ID PT.KALBE FARMA Tbk;;;13
AS131737;IDNIC-JICT-AS-ID PT Jakarta International Container Terminal;;;1
AS131738;IDNIC-GOLDENIT-AS-ID Golden IT;;;7
AS131745;IDNIC-CYBERTECHTONIC-AS-ID PT. Cybertechtonic Pratama;;;33
AS131748;IDNIC-BGP-AS-ID PT. Baswara Gema Persada;;;13
AS131758;NINGNET-AS-ID PT. Bali Ning;;;9
AS131761;IDNIC-INDONESIAPORT-AS-ID PT Pelabuhan Indonesia II;;;37
AS131767;SOLONET-AS-ID PT. SOLO JALA BUANA;;;10
AS131782;IDNIC-BUMN-AS-ID Kementerian Badan Usaha Milik Negara;;;32
AS131784;IDNIC-SDPPI-SPEKTRUM-AS-ID Sumber Daya Dan Perangkat Pos Dan Informatika SIMS;;;31
AS132164;KASKUSNETWORKS-AS PT Darta Media Indonesia;;;7
AS132634;IDNIC-EGOV-AS-ID Direktorat E-Goverment Kementerian KOMINFO;;;3
AS132639;IDNIC-ILCS-AS-ID PT Integrasi Logistik Cipta Solusi;;;10
AS132643;IDNIC-KPU-AS-ID Komisi Pemilihan Umum;;;31
AS132644;IDNIC-CBNCLOUD-AS-ID PT. Cyberindo Mega Persada;;;12
AS132645;IDNIC-PPNS-AS-ID Politeknik Perkapalan Negeri Surabaya;;;22
AS132661;IDNIC-BAWASLU-AS-ID Badan Pengawas Pemilu;;;20
AS132662;IDNIC-LOTTE-AS-ID PT. Lotte Data Communication Indonesia (LDCI);;;27
AS132670;IDNIC-DAGADU-AS-ID PT Aseli Dagadu Djokdja;;;7
AS132672;SAHABATNET-AS-ID PT. Sahabat Prima Karya;;;14
AS133337;IDNIC-MSS-AS-ID PT Menara Sinar Semesta;;;8
AS133347;IPC-AS-ID PT Indo Premier Securities;;;41
AS133348;IDNIC-CNOOC-AS-ID CNOOC SES LTD.;;;1
AS133349;IDNIC-JUC-AS-ID PT Jasa Utama Capital;;;1
AS133735;MCKINSEY-AS-SG McKinsey  Company;;;7
AS133799;GOMEDS-AS-ID PT. GOMEDS NETWORK;;;16
AS133802;IDNIC-UNPAS-AS-ID Universitas Pasundan Bandung;;;31
AS133803;IDNIC-PTSTI-AS-ID PT Semesta Teknologi Informatika;;;1
AS133804;IDNIC-FIC-AS-ID PT FANGBIAN ISKAN CORPORINDO;;;5
AS133809;ARTORIUS-AS-ID PT. Artorius Telemetri Sentosa;;;19
AS133812;IDNIC-LCMNETWORKS-ID PT. LINTAS CIPTA MEDIA;;;17
AS133822;IDNIC-KAI-AS-ID PT Kereta Api Indonesia (Persero);;;9
AS133826;IDNIC-DIKTI-AS-ID Direktorat Jenderal Pendidikan Tinggi;;;40
AS133830;PIKANET-AS-ID PT Pika Media Komunika;;;10
AS134613;IDNIC-KUONI-AS-ID PT GTA Indonesia;;;13
AS134614;IDNIC-UNHAS-AS-ID Universitas Hasanuddin;;;13
AS134617;IDNIC-NPT-AS-ID PT Netplus Technology;;;37
AS134622;EKADATA-AS-ID Ekadata Internet Service Provider;;;1
AS134628;IDNIC-BIOS-AS-ID PT Bina Informasi Optima Solusindo;;;20
AS134629;IDNIC-AMSCLOUD-AS-ID PT Awan Media Semesta;;;3
AS134630;PALAPANET-AS-ID PT Palapa Global Nusantara;;;29
AS134634;IDNIC-SALATIGA-AS-ID Sekretariat Daerah Kota Salatiga;;;7
AS134644;CAKRAWALA-AS-ID PT Cakrawala Lintas Kepri;;;48
AS134648;TIDAR-AS-ID PT Tidar Lintas Nusa;;;6
AS134651;YETOYA-AS-ID PT Yetoya Solusi Indonesia;;;1
AS134652;IDNIC-PPM-AS-ID PPM Manajemen;;;3
AS134653;IDNIC-UHAMKA-AS-ID Universitas Muhammadiyah Prof. DR. HAMKA;;;22
AS134662;DELORA-AS-AP PT Delora Hosting Media;;;1
